sentence,modelo_exemplo,arg1,rel,arg2,n_modelos_concordando
"Michael J. Shea, formado em 1904, escreveu a música, e seu irmão, John F. Shea, que se formou em 1906 e 1908, escreveu a letra original.",Claude_Sonnet5,John F. Shea,escreveu,a letra original,3
"Michael J. Shea, formado em 1904, escreveu a música, e seu irmão, John F. Shea, que se formou em 1906 e 1908, escreveu a letra original.",Grok4.0Fast,John F. Shea,escreveu,a letra original,3
"Michael J. Shea, formado em 1904, escreveu a música, e seu irmão, John F. Shea, que se formou em 1906 e 1908, escreveu a letra original.",respostas_gpt5.5_mini,John F. Shea,escreveu,a letra original,3
"A Universidade de Notre Dame du Lac (ou simplesmente Notre Dame / ˌnoʊtərˈdeɪm / NOH-tər-DAYM) é uma Universidade Católica de Pesquisa localizada a o lado de South Bend, Indiana, em os Estados Unidos.",Claude_Sonnet5,A Universidade de Notre Dame du Lac,é simplesmente,Notre Dame,3
"A Universidade de Notre Dame du Lac (ou simplesmente Notre Dame / ˌnoʊtərˈdeɪm / NOH-tər-DAYM) é uma Universidade Católica de Pesquisa localizada a o lado de South Bend, Indiana, em os Estados Unidos.",Claude_Sonnet5,A Universidade de Notre Dame du Lac,é localizada ao lado de,"South Bend, Indiana",3
"A Universidade de Notre Dame du Lac (ou simplesmente Notre Dame / ˌnoʊtərˈdeɪm / NOH-tər-DAYM) é uma Universidade Católica de Pesquisa localizada a o lado de South Bend, Indiana, em os Estados Unidos.",Claude_Sonnet5,A Universidade de Notre Dame du Lac,é localizada em,os Estados Unidos,3
"A Universidade de Notre Dame du Lac (ou simplesmente Notre Dame / ˌnoʊtərˈdeɪm / NOH-tər-DAYM) é uma Universidade Católica de Pesquisa localizada a o lado de South Bend, Indiana, em os Estados Unidos.",Grok4.0Fast,A Universidade de Notre Dame du Lac,é localizada ao lado de,"South Bend, Indiana",3
"A Universidade de Notre Dame du Lac (ou simplesmente Notre Dame / ˌnoʊtərˈdeɪm / NOH-tər-DAYM) é uma Universidade Católica de Pesquisa localizada a o lado de South Bend, Indiana, em os Estados Unidos.",Grok4.0Fast,A Universidade de Notre Dame du Lac,é localizada em,os Estados Unidos,3
"A Universidade de Notre Dame du Lac (ou simplesmente Notre Dame / ˌnoʊtərˈdeɪm / NOH-tər-DAYM) é uma Universidade Católica de Pesquisa localizada a o lado de South Bend, Indiana, em os Estados Unidos.",Grok4.0Fast,A Universidade de Notre Dame du Lac,é ou simplesmente,Notre Dame,3
"A Universidade de Notre Dame du Lac (ou simplesmente Notre Dame / ˌnoʊtərˈdeɪm / NOH-tər-DAYM) é uma Universidade Católica de Pesquisa localizada a o lado de South Bend, Indiana, em os Estados Unidos.",respostas_gpt5.5_mini,A Universidade de Notre Dame du Lac,é simplesmente,Notre Dame,3
"A Universidade de Notre Dame du Lac (ou simplesmente Notre Dame / ˌnoʊtərˈdeɪm / NOH-tər-DAYM) é uma Universidade Católica de Pesquisa localizada a o lado de South Bend, Indiana, em os Estados Unidos.",respostas_gpt5.5_mini,A Universidade de Notre Dame du Lac,é localizada ao lado de,"South Bend, Indiana",3
"A Universidade de Notre Dame du Lac (ou simplesmente Notre Dame / ˌnoʊtərˈdeɪm / NOH-tər-DAYM) é uma Universidade Católica de Pesquisa localizada a o lado de South Bend, Indiana, em os Estados Unidos.",respostas_gpt5.5_mini,A Universidade de Notre Dame du Lac,é localizada em,os Estados Unidos,3
"Em fevereiro de 2013, Beyoncé disse que Madonna a inspirou a assumir o controle de sua própria carreira.",Claude_Sonnet5,Beyoncé,disse,que Madonna a inspirou a assumir o controle de sua própria carreira,3
"Em fevereiro de 2013, Beyoncé disse que Madonna a inspirou a assumir o controle de sua própria carreira.",Grok4.0Fast,Beyoncé,disse,que Madonna a inspirou a assumir o controle de sua própria carreira,3
"Em fevereiro de 2013, Beyoncé disse que Madonna a inspirou a assumir o controle de sua própria carreira.",respostas_gpt5.5_mini,Beyoncé,disse,que Madonna a inspirou a assumir o controle de sua própria carreira,3
"Em 2013, foi anunciado que Beyoncé trabalharia com Salma Hayek e Frida Giannini em uma campanha de a Gucci Chime for Change, que visa espalhar o empoderamento feminino.",Claude_Sonnet5,uma campanha de a Gucci Chime for Change,visa espalhar,o empoderamento feminino,3
"Em 2013, foi anunciado que Beyoncé trabalharia com Salma Hayek e Frida Giannini em uma campanha de a Gucci Chime for Change, que visa espalhar o empoderamento feminino.",Grok4.0Fast,campanha de a Gucci Chime for Change,visa espalhar,o empoderamento feminino,3
"Em 2013, foi anunciado que Beyoncé trabalharia com Salma Hayek e Frida Giannini em uma campanha de a Gucci Chime for Change, que visa espalhar o empoderamento feminino.",respostas_gpt5.5_mini,uma campanha da Gucci Chime for Change,visa espalhar,o empoderamento feminino,3
"Na primavera de 1834, Chopin participou de o Festival de Música de o Baixo Reno em Aix-la-Chapelle com Hiller, e foi lá que Chopin conheceu Felix Mendelssohn.",Claude_Sonnet5,Chopin,conheceu,Felix Mendelssohn,3
"Na primavera de 1834, Chopin participou de o Festival de Música de o Baixo Reno em Aix-la-Chapelle com Hiller, e foi lá que Chopin conheceu Felix Mendelssohn.",Grok4.0Fast,Chopin,conheceu,Felix Mendelssohn,3
"Na primavera de 1834, Chopin participou de o Festival de Música de o Baixo Reno em Aix-la-Chapelle com Hiller, e foi lá que Chopin conheceu Felix Mendelssohn.",respostas_gpt5.5_mini,Chopin,conheceu,Felix Mendelssohn,3
"Mais tarde naquela manhã, o marido de Solange, Clésinger, fez a máscara mortuária de Chopin e um giro de a mão esquerda.",Claude_Sonnet5,Clésinger,fez,a máscara mortuária de Chopin,3
"Mais tarde naquela manhã, o marido de Solange, Clésinger, fez a máscara mortuária de Chopin e um giro de a mão esquerda.",Claude_Sonnet5,Clésinger,fez,um giro de a mão esquerda,3
"Mais tarde naquela manhã, o marido de Solange, Clésinger, fez a máscara mortuária de Chopin e um giro de a mão esquerda.",Grok4.0Fast,Clésinger,fez,a máscara mortuária de Chopin,3
"Mais tarde naquela manhã, o marido de Solange, Clésinger, fez a máscara mortuária de Chopin e um giro de a mão esquerda.",Grok4.0Fast,Clésinger,fez,um giro de a mão esquerda,3
"Mais tarde naquela manhã, o marido de Solange, Clésinger, fez a máscara mortuária de Chopin e um giro de a mão esquerda.",respostas_gpt5.5_mini,Clésinger,fez,a máscara mortuária de Chopin,3
"Mais tarde naquela manhã, o marido de Solange, Clésinger, fez a máscara mortuária de Chopin e um giro de a mão esquerda.",respostas_gpt5.5_mini,Clésinger,fez,um giro de a mão esquerda,3
"Em setembro de 1828, Chopin, ainda estudante, visitou Berlim com um amigo de a família, o zoólogo Feliks Jarocki, desfrutando de óperas dirigidas por Gaspare Spontini e assistindo a concertos de Carl Friedrich Zelter, Felix Mendelssohn e outras celebridades.",Claude_Sonnet5,um amigo de a família,é,o zoólogo Feliks Jarocki,3
"Em setembro de 1828, Chopin, ainda estudante, visitou Berlim com um amigo de a família, o zoólogo Feliks Jarocki, desfrutando de óperas dirigidas por Gaspare Spontini e assistindo a concertos de Carl Friedrich Zelter, Felix Mendelssohn e outras celebridades.",Grok4.0Fast,um amigo de a família,é,o zoólogo Feliks Jarocki,3
"Em setembro de 1828, Chopin, ainda estudante, visitou Berlim com um amigo de a família, o zoólogo Feliks Jarocki, desfrutando de óperas dirigidas por Gaspare Spontini e assistindo a concertos de Carl Friedrich Zelter, Felix Mendelssohn e outras celebridades.",respostas_gpt5.5_mini,um amigo de a família,é,o zoólogo Feliks Jarocki,3
"A partir de 1236, o príncipe mongol Kublai, que mais tarde governou como Khagan de 1260 a 1294, recebeu um grande appanage em o norte de a China por seu superior, Ögedei Khan.",Claude_Sonnet5,o príncipe mongol Kublai,governou como,Khagan,3
"A partir de 1236, o príncipe mongol Kublai, que mais tarde governou como Khagan de 1260 a 1294, recebeu um grande appanage em o norte de a China por seu superior, Ögedei Khan.",Grok4.0Fast,o príncipe mongol Kublai,governou como,Khagan,3
"A partir de 1236, o príncipe mongol Kublai, que mais tarde governou como Khagan de 1260 a 1294, recebeu um grande appanage em o norte de a China por seu superior, Ögedei Khan.",respostas_gpt5.5_mini,o príncipe mongol Kublai,governou como,Khagan,3
"O imperador Wanli convidou Yonten Gyatso para Pequim em 1616, mas, assim como seu antecessor, ele morreu antes de poder fazer a jornada.",Claude_Sonnet5,O imperador Wanli,convidou,Yonten Gyatso,3
"O imperador Wanli convidou Yonten Gyatso para Pequim em 1616, mas, assim como seu antecessor, ele morreu antes de poder fazer a jornada.",Grok4.0Fast,O imperador Wanli,convidou,Yonten Gyatso,3
"O imperador Wanli convidou Yonten Gyatso para Pequim em 1616, mas, assim como seu antecessor, ele morreu antes de poder fazer a jornada.",respostas_gpt5.5_mini,O imperador Wanli,convidou,Yonten Gyatso,3
"Güshi Khan aceitou seu papel de protetor e, de 1637 a 1640, ele não apenas derrotou os inimigos de os Gelugpas em as regiões Amdo e Kham, mas também reassentou toda a sua tribo em Amdo.",Claude_Sonnet5,Güshi Khan,derrotou,os inimigos de os Gelugpas,3
"Güshi Khan aceitou seu papel de protetor e, de 1637 a 1640, ele não apenas derrotou os inimigos de os Gelugpas em as regiões Amdo e Kham, mas também reassentou toda a sua tribo em Amdo.",Grok4.0Fast,Güshi Khan,derrotou,os inimigos de os Gelugpas,3
"Güshi Khan aceitou seu papel de protetor e, de 1637 a 1640, ele não apenas derrotou os inimigos de os Gelugpas em as regiões Amdo e Kham, mas também reassentou toda a sua tribo em Amdo.",respostas_gpt5.5_mini,Güshi Khan,derrotou,os inimigos de os Gelugpas,3
"A Apple lançou um novo conector dock de 8 pinos, chamado Relâmpago, em 12 de setembro de 2012, com o anúncio de o iPhone 5, de o iPod Touch de quinta geração e de o iPod Nano de a sétima geração, todos com esse recurso.",Claude_Sonnet5,um novo conector dock de 8 pinos,é chamado,Relâmpago,3
"A Apple lançou um novo conector dock de 8 pinos, chamado Relâmpago, em 12 de setembro de 2012, com o anúncio de o iPhone 5, de o iPod Touch de quinta geração e de o iPod Nano de a sétima geração, todos com esse recurso.",Grok4.0Fast,um novo conector dock de 8 pinos,é chamado,Relâmpago,3
"A Apple lançou um novo conector dock de 8 pinos, chamado Relâmpago, em 12 de setembro de 2012, com o anúncio de o iPhone 5, de o iPod Touch de quinta geração e de o iPod Nano de a sétima geração, todos com esse recurso.",respostas_gpt5.5_mini,um novo conector dock de 8 pinos,é chamado,Relâmpago,3
Os Estados Unidos compartilharam algumas de suas imagens de satélite de as áreas atingidas por o terremoto com as Autoridades chinesas.,Claude_Sonnet5,Os Estados Unidos,compartilharam,algumas de suas imagens de satélite de as áreas atingidas por o terremoto,3
Os Estados Unidos compartilharam algumas de suas imagens de satélite de as áreas atingidas por o terremoto com as Autoridades chinesas.,Grok4.0Fast,Os Estados Unidos,compartilharam,algumas de suas imagens de satélite de as áreas atingidas por o terremoto,3
Os Estados Unidos compartilharam algumas de suas imagens de satélite de as áreas atingidas por o terremoto com as Autoridades chinesas.,respostas_gpt5.5_mini,Os Estados Unidos,compartilharam,algumas de suas imagens de satélite de as áreas atingidas por o terremoto,3
"Nova York - freqüentemente chamada Cidade de Nova York ou Cidade de Nova York para distingui-la de o Estado de Nova York, de o qual faz parte - é a cidade mais populosa de os Estados Unidos e o centro de a área metropolitana de Nova York, o principal portal de imigração legal para os Estados Unidos e uma de as aglomerações urbanas mais populosas de o mundo.",Claude_Sonnet5,Nova York,é freqüentemente chamada,Cidade de Nova York,3
"Nova York - freqüentemente chamada Cidade de Nova York ou Cidade de Nova York para distingui-la de o Estado de Nova York, de o qual faz parte - é a cidade mais populosa de os Estados Unidos e o centro de a área metropolitana de Nova York, o principal portal de imigração legal para os Estados Unidos e uma de as aglomerações urbanas mais populosas de o mundo.",Claude_Sonnet5,Nova York,é,o centro de a área metropolitana de Nova York,3
"Nova York - freqüentemente chamada Cidade de Nova York ou Cidade de Nova York para distingui-la de o Estado de Nova York, de o qual faz parte - é a cidade mais populosa de os Estados Unidos e o centro de a área metropolitana de Nova York, o principal portal de imigração legal para os Estados Unidos e uma de as aglomerações urbanas mais populosas de o mundo.",Grok4.0Fast,Nova York,é freqüentemente chamada,Cidade de Nova York,3
"Nova York - freqüentemente chamada Cidade de Nova York ou Cidade de Nova York para distingui-la de o Estado de Nova York, de o qual faz parte - é a cidade mais populosa de os Estados Unidos e o centro de a área metropolitana de Nova York, o principal portal de imigração legal para os Estados Unidos e uma de as aglomerações urbanas mais populosas de o mundo.",Grok4.0Fast,Nova York,é,o centro de a área metropolitana de Nova York,3
"Nova York - freqüentemente chamada Cidade de Nova York ou Cidade de Nova York para distingui-la de o Estado de Nova York, de o qual faz parte - é a cidade mais populosa de os Estados Unidos e o centro de a área metropolitana de Nova York, o principal portal de imigração legal para os Estados Unidos e uma de as aglomerações urbanas mais populosas de o mundo.",respostas_gpt5.5_mini,Nova York,é frequentemente chamada,Cidade de Nova York,3
"Nova York - freqüentemente chamada Cidade de Nova York ou Cidade de Nova York para distingui-la de o Estado de Nova York, de o qual faz parte - é a cidade mais populosa de os Estados Unidos e o centro de a área metropolitana de Nova York, o principal portal de imigração legal para os Estados Unidos e uma de as aglomerações urbanas mais populosas de o mundo.",respostas_gpt5.5_mini,Nova York,é,o centro de a área metropolitana de Nova York,3
"A Batalha de Long Island, a maior batalha de a Guerra Revolucionária Americana, foi travada em agosto de 1776, inteiramente em o bairro moderno de o Brooklyn.",Claude_Sonnet5,A Batalha de Long Island,é,a maior batalha de a Guerra Revolucionária Americana,3
"A Batalha de Long Island, a maior batalha de a Guerra Revolucionária Americana, foi travada em agosto de 1776, inteiramente em o bairro moderno de o Brooklyn.",Grok4.0Fast,A Batalha de Long Island,é,a maior batalha de a Guerra Revolucionária Americana,3
"A Batalha de Long Island, a maior batalha de a Guerra Revolucionária Americana, foi travada em agosto de 1776, inteiramente em o bairro moderno de o Brooklyn.",respostas_gpt5.5_mini,A Batalha de Long Island,é,a maior batalha de a Guerra Revolucionária Americana,3
"O ponto mais alto de a cidade é Todt Hill, em Staten Island, que, a 124,9 m acima de o nível de o mar, é o ponto mais alto de a costa leste de o sul de o Maine.",Claude_Sonnet5,Todt Hill,é,o ponto mais alto de a costa leste de o sul de o Maine,3
"O ponto mais alto de a cidade é Todt Hill, em Staten Island, que, a 124,9 m acima de o nível de o mar, é o ponto mais alto de a costa leste de o sul de o Maine.",Grok4.0Fast,Todt Hill,é,o ponto mais alto de a costa leste de o sul de o Maine,3
"O ponto mais alto de a cidade é Todt Hill, em Staten Island, que, a 124,9 m acima de o nível de o mar, é o ponto mais alto de a costa leste de o sul de o Maine.",respostas_gpt5.5_mini,Todt Hill,é,o ponto mais alto de a costa leste de o sul de o Maine,3
"A cidade de Nova York possui um alto grau de disparidade de renda, conforme indicado por o seu coeficiente de Gini de 0,5 para a cidade em geral e 0,6 para Manhattan.",Claude_Sonnet5,A cidade de Nova York,possui,um alto grau de disparidade de renda,3
"A cidade de Nova York possui um alto grau de disparidade de renda, conforme indicado por o seu coeficiente de Gini de 0,5 para a cidade em geral e 0,6 para Manhattan.",Grok4.0Fast,A cidade de Nova York,possui,um alto grau de disparidade de renda,3
"A cidade de Nova York possui um alto grau de disparidade de renda, conforme indicado por o seu coeficiente de Gini de 0,5 para a cidade em geral e 0,6 para Manhattan.",respostas_gpt5.5_mini,A cidade de Nova York,possui,um alto grau de disparidade de renda,3
"A frota de ônibus públicos de a cidade de Nova York é a maior de a América de o Norte, e o Port Authority Bus Terminal, o principal terminal de ônibus interurbano de a cidade, atende 7.000 ônibus e 200.000 passageiros diariamente, tornando-se a estação de ônibus mais movimentada de o mundo.",Claude_Sonnet5,o Port Authority Bus Terminal,é,o principal terminal de ônibus interurbano de a cidade de Nova York,3
"A frota de ônibus públicos de a cidade de Nova York é a maior de a América de o Norte, e o Port Authority Bus Terminal, o principal terminal de ônibus interurbano de a cidade, atende 7.000 ônibus e 200.000 passageiros diariamente, tornando-se a estação de ônibus mais movimentada de o mundo.",Grok4.0Fast,o Port Authority Bus Terminal,é,o principal terminal de ônibus interurbano de a cidade,3
"A frota de ônibus públicos de a cidade de Nova York é a maior de a América de o Norte, e o Port Authority Bus Terminal, o principal terminal de ônibus interurbano de a cidade, atende 7.000 ônibus e 200.000 passageiros diariamente, tornando-se a estação de ônibus mais movimentada de o mundo.",respostas_gpt5.5_mini,o Port Authority Bus Terminal,é,o principal terminal de ônibus interurbano de a cidade,3
"Eu amo Nova Iorque (estilizado I ❤ NY) é um logotipo e uma música que são a base de uma campanha publicitária e são usados desde 1977 para promover o turismo em a cidade de Nova York e, posteriormente, também para promover o Estado de Nova York.",Claude_Sonnet5,Eu amo Nova Iorque,é,um logotipo,3
"Eu amo Nova Iorque (estilizado I ❤ NY) é um logotipo e uma música que são a base de uma campanha publicitária e são usados desde 1977 para promover o turismo em a cidade de Nova York e, posteriormente, também para promover o Estado de Nova York.",Claude_Sonnet5,Eu amo Nova Iorque,é,uma música,3
"Eu amo Nova Iorque (estilizado I ❤ NY) é um logotipo e uma música que são a base de uma campanha publicitária e são usados desde 1977 para promover o turismo em a cidade de Nova York e, posteriormente, também para promover o Estado de Nova York.",Grok4.0Fast,Eu amo Nova Iorque,é,um logotipo,3
"Eu amo Nova Iorque (estilizado I ❤ NY) é um logotipo e uma música que são a base de uma campanha publicitária e são usados desde 1977 para promover o turismo em a cidade de Nova York e, posteriormente, também para promover o Estado de Nova York.",Grok4.0Fast,Eu amo Nova Iorque,é,uma música,3
"Eu amo Nova Iorque (estilizado I ❤ NY) é um logotipo e uma música que são a base de uma campanha publicitária e são usados desde 1977 para promover o turismo em a cidade de Nova York e, posteriormente, também para promover o Estado de Nova York.",respostas_gpt5.5_mini,Eu amo Nova Iorque,é,um logotipo,3
"Eu amo Nova Iorque (estilizado I ❤ NY) é um logotipo e uma música que são a base de uma campanha publicitária e são usados desde 1977 para promover o turismo em a cidade de Nova York e, posteriormente, também para promover o Estado de Nova York.",respostas_gpt5.5_mini,Eu amo Nova Iorque,é,uma música,3
"O alabamiano nativo Allen Barra criticou Lee e o romance em o The Wall Street Journal, chamando o Atticus de repositório de epigramas de barril de cracker e o romance representa um mito coberto de açúcar de a história de o Alabama.",Claude_Sonnet5,O alabamiano nativo Allen Barra,criticou,Lee,3
"O alabamiano nativo Allen Barra criticou Lee e o romance em o The Wall Street Journal, chamando o Atticus de repositório de epigramas de barril de cracker e o romance representa um mito coberto de açúcar de a história de o Alabama.",Claude_Sonnet5,O alabamiano nativo Allen Barra,criticou,o romance,3
"O alabamiano nativo Allen Barra criticou Lee e o romance em o The Wall Street Journal, chamando o Atticus de repositório de epigramas de barril de cracker e o romance representa um mito coberto de açúcar de a história de o Alabama.",Grok4.0Fast,O alabamiano nativo Allen Barra,criticou,Lee,3
"O alabamiano nativo Allen Barra criticou Lee e o romance em o The Wall Street Journal, chamando o Atticus de repositório de epigramas de barril de cracker e o romance representa um mito coberto de açúcar de a história de o Alabama.",Grok4.0Fast,O alabamiano nativo Allen Barra,criticou,o romance,3
"O alabamiano nativo Allen Barra criticou Lee e o romance em o The Wall Street Journal, chamando o Atticus de repositório de epigramas de barril de cracker e o romance representa um mito coberto de açúcar de a história de o Alabama.",respostas_gpt5.5_mini,O alabamiano nativo Allen Barra,criticou,Lee,3
"O alabamiano nativo Allen Barra criticou Lee e o romance em o The Wall Street Journal, chamando o Atticus de repositório de epigramas de barril de cracker e o romance representa um mito coberto de açúcar de a história de o Alabama.",respostas_gpt5.5_mini,O alabamiano nativo Allen Barra,criticou,o romance,3
"O pai de Lee morreu antes de o lançamento de o filme, e Lee ficou tão impressionado com a performance de Peck que ela lhe deu um relógio de bolso de o pai, que ele tinha com ele em a noite em que recebeu o Oscar de melhor ator.",Claude_Sonnet5,Lee,ficou tão impressionado com,a performance de Peck,3
"O pai de Lee morreu antes de o lançamento de o filme, e Lee ficou tão impressionado com a performance de Peck que ela lhe deu um relógio de bolso de o pai, que ele tinha com ele em a noite em que recebeu o Oscar de melhor ator.",Grok4.0Fast,Lee,ficou impressionado com,a performance de Peck,3
"O pai de Lee morreu antes de o lançamento de o filme, e Lee ficou tão impressionado com a performance de Peck que ela lhe deu um relógio de bolso de o pai, que ele tinha com ele em a noite em que recebeu o Oscar de melhor ator.",respostas_gpt5.5_mini,Lee,ficou tão impressionado com,a performance de Peck,3
"O Império Samanida, 819 a 999, restaurou o controle persa de a região e ampliou as cidades de Samarcanda e Bukhara (hoje as duas cidades fazem parte de o Uzbequistão), que se tornaram os centros culturais de o Irã e a região era conhecida como Khorasan.",Claude_Sonnet5,O Império Samanida,restaurou,o controle persa de a região,3
"O Império Samanida, 819 a 999, restaurou o controle persa de a região e ampliou as cidades de Samarcanda e Bukhara (hoje as duas cidades fazem parte de o Uzbequistão), que se tornaram os centros culturais de o Irã e a região era conhecida como Khorasan.",Grok4.0Fast,O Império Samanida,restaurou,o controle persa de a região,3
"O Império Samanida, 819 a 999, restaurou o controle persa de a região e ampliou as cidades de Samarcanda e Bukhara (hoje as duas cidades fazem parte de o Uzbequistão), que se tornaram os centros culturais de o Irã e a região era conhecida como Khorasan.",respostas_gpt5.5_mini,O Império Samanida,restaurou,o controle persa de a região,3
"Com a ocupação de Napoleão, Portugal começou um declínio lento, mas inexorável, que durou até o século XX.",Claude_Sonnet5,Portugal,começou,"um declínio lento, mas inexorável",3
"Com a ocupação de Napoleão, Portugal começou um declínio lento, mas inexorável, que durou até o século XX.",Grok4.0Fast,Portugal,começou,"um declínio lento, mas inexorável",3
"Com a ocupação de Napoleão, Portugal começou um declínio lento, mas inexorável, que durou até o século XX.",respostas_gpt5.5_mini,Portugal,começou,"um declínio lento, mas inexorável",3
"Mais tarde, uma província de o norte de a Lusitânia foi formada, conhecida como Gallaecia, com capital em Bracara Augusta, hoje Braga.",Claude_Sonnet5,uma província de o norte de a Lusitânia,era conhecida como,Gallaecia,3
"Mais tarde, uma província de o norte de a Lusitânia foi formada, conhecida como Gallaecia, com capital em Bracara Augusta, hoje Braga.",Grok4.0Fast,uma província de o norte de a Lusitânia,é conhecida como,Gallaecia,3
"Mais tarde, uma província de o norte de a Lusitânia foi formada, conhecida como Gallaecia, com capital em Bracara Augusta, hoje Braga.",respostas_gpt5.5_mini,uma província de o norte de a Lusitânia,é conhecida como,Gallaecia,3
Os berberes eram originalmente de as montanhas de o Atlas e Rif de o norte de a África e eram essencialmente nômades.,Claude_Sonnet5,Os berberes,eram originalmente de,as montanhas de o Rif de o norte de a África,3
Os berberes eram originalmente de as montanhas de o Atlas e Rif de o norte de a África e eram essencialmente nômades.,Grok4.0Fast,Os berberes,eram originalmente de,as montanhas de o Atlas e Rif de o norte de a África,3
Os berberes eram originalmente de as montanhas de o Atlas e Rif de o norte de a África e eram essencialmente nômades.,respostas_gpt5.5_mini,Os berberes,eram originalmente de,as montanhas de o Atlas e Rif de o norte de a África,3
"O banco central de Portugal é o Banco de Portugal, parte integrante de o Sistema Europeu de Bancos Centrais.",Claude_Sonnet5,O banco central de Portugal,é,o Banco de Portugal,3
"O banco central de Portugal é o Banco de Portugal, parte integrante de o Sistema Europeu de Bancos Centrais.",Grok4.0Fast,O banco central de Portugal,é,o Banco de Portugal,3
"O banco central de Portugal é o Banco de Portugal, parte integrante de o Sistema Europeu de Bancos Centrais.",respostas_gpt5.5_mini,O banco central de Portugal,é,o Banco de Portugal,3
"Os pontos turísticos mais procurados em Portugal são Lisboa, Algarve, Madeira, Porto e a cidade de Coimbra, também entre 4-5 milhões de peregrinos religiosos visitam Fátima a cada ano, onde supostamente ocorreram aparições de a Virgem Maria a três pastores em 1917.",Claude_Sonnet5,Os pontos turísticos mais procurados em Portugal,são,Lisboa,3
"Os pontos turísticos mais procurados em Portugal são Lisboa, Algarve, Madeira, Porto e a cidade de Coimbra, também entre 4-5 milhões de peregrinos religiosos visitam Fátima a cada ano, onde supostamente ocorreram aparições de a Virgem Maria a três pastores em 1917.",Claude_Sonnet5,Os pontos turísticos mais procurados em Portugal,são,Algarve,3
"Os pontos turísticos mais procurados em Portugal são Lisboa, Algarve, Madeira, Porto e a cidade de Coimbra, também entre 4-5 milhões de peregrinos religiosos visitam Fátima a cada ano, onde supostamente ocorreram aparições de a Virgem Maria a três pastores em 1917.",Claude_Sonnet5,Os pontos turísticos mais procurados em Portugal,são,Madeira,3
"Os pontos turísticos mais procurados em Portugal são Lisboa, Algarve, Madeira, Porto e a cidade de Coimbra, também entre 4-5 milhões de peregrinos religiosos visitam Fátima a cada ano, onde supostamente ocorreram aparições de a Virgem Maria a três pastores em 1917.",Claude_Sonnet5,Os pontos turísticos mais procurados em Portugal,são,Porto,3
"Os pontos turísticos mais procurados em Portugal são Lisboa, Algarve, Madeira, Porto e a cidade de Coimbra, também entre 4-5 milhões de peregrinos religiosos visitam Fátima a cada ano, onde supostamente ocorreram aparições de a Virgem Maria a três pastores em 1917.",Claude_Sonnet5,Os pontos turísticos mais procurados em Portugal,são,a cidade de Coimbra,3
"Os pontos turísticos mais procurados em Portugal são Lisboa, Algarve, Madeira, Porto e a cidade de Coimbra, também entre 4-5 milhões de peregrinos religiosos visitam Fátima a cada ano, onde supostamente ocorreram aparições de a Virgem Maria a três pastores em 1917.",Grok4.0Fast,Os pontos turísticos mais procurados em Portugal,são,Lisboa,3
"Os pontos turísticos mais procurados em Portugal são Lisboa, Algarve, Madeira, Porto e a cidade de Coimbra, também entre 4-5 milhões de peregrinos religiosos visitam Fátima a cada ano, onde supostamente ocorreram aparições de a Virgem Maria a três pastores em 1917.",Grok4.0Fast,Os pontos turísticos mais procurados em Portugal,são,Algarve,3
"Os pontos turísticos mais procurados em Portugal são Lisboa, Algarve, Madeira, Porto e a cidade de Coimbra, também entre 4-5 milhões de peregrinos religiosos visitam Fátima a cada ano, onde supostamente ocorreram aparições de a Virgem Maria a três pastores em 1917.",Grok4.0Fast,Os pontos turísticos mais procurados em Portugal,são,Madeira,3
"Os pontos turísticos mais procurados em Portugal são Lisboa, Algarve, Madeira, Porto e a cidade de Coimbra, também entre 4-5 milhões de peregrinos religiosos visitam Fátima a cada ano, onde supostamente ocorreram aparições de a Virgem Maria a três pastores em 1917.",Grok4.0Fast,Os pontos turísticos mais procurados em Portugal,são,Porto,3
"Os pontos turísticos mais procurados em Portugal são Lisboa, Algarve, Madeira, Porto e a cidade de Coimbra, também entre 4-5 milhões de peregrinos religiosos visitam Fátima a cada ano, onde supostamente ocorreram aparições de a Virgem Maria a três pastores em 1917.",Grok4.0Fast,Os pontos turísticos mais procurados em Portugal,são,a cidade de Coimbra,3
"Os pontos turísticos mais procurados em Portugal são Lisboa, Algarve, Madeira, Porto e a cidade de Coimbra, também entre 4-5 milhões de peregrinos religiosos visitam Fátima a cada ano, onde supostamente ocorreram aparições de a Virgem Maria a três pastores em 1917.",respostas_gpt5.5_mini,Os pontos turísticos mais procurados em Portugal,são,Lisboa,3
"Os pontos turísticos mais procurados em Portugal são Lisboa, Algarve, Madeira, Porto e a cidade de Coimbra, também entre 4-5 milhões de peregrinos religiosos visitam Fátima a cada ano, onde supostamente ocorreram aparições de a Virgem Maria a três pastores em 1917.",respostas_gpt5.5_mini,Os pontos turísticos mais procurados em Portugal,são,Algarve,3
"Os pontos turísticos mais procurados em Portugal são Lisboa, Algarve, Madeira, Porto e a cidade de Coimbra, também entre 4-5 milhões de peregrinos religiosos visitam Fátima a cada ano, onde supostamente ocorreram aparições de a Virgem Maria a três pastores em 1917.",respostas_gpt5.5_mini,Os pontos turísticos mais procurados em Portugal,são,Madeira,3
"Os pontos turísticos mais procurados em Portugal são Lisboa, Algarve, Madeira, Porto e a cidade de Coimbra, também entre 4-5 milhões de peregrinos religiosos visitam Fátima a cada ano, onde supostamente ocorreram aparições de a Virgem Maria a três pastores em 1917.",respostas_gpt5.5_mini,Os pontos turísticos mais procurados em Portugal,são,Porto,3
"Os pontos turísticos mais procurados em Portugal são Lisboa, Algarve, Madeira, Porto e a cidade de Coimbra, também entre 4-5 milhões de peregrinos religiosos visitam Fátima a cada ano, onde supostamente ocorreram aparições de a Virgem Maria a três pastores em 1917.",respostas_gpt5.5_mini,Os pontos turísticos mais procurados em Portugal,são,a cidade de Coimbra,3
As universidades portuguesas existem desde 1290,Claude_Sonnet5,As universidades portuguesas,existem desde,1290,3
As universidades portuguesas existem desde 1290,Grok4.0Fast,As universidades portuguesas,existem desde,1290,3
As universidades portuguesas existem desde 1290,respostas_gpt5.5_mini,As universidades portuguesas,existem desde,1290,3
"Kanye Omari West nasceu em 8 de junho de 1977 em Atlanta, Geórgia.",Claude_Sonnet5,Kanye Omari West,nasceu em,8 de junho de 1977,3
"Kanye Omari West nasceu em 8 de junho de 1977 em Atlanta, Geórgia.",Grok4.0Fast,Kanye Omari West,nasceu em,8 de junho de 1977,3
"Kanye Omari West nasceu em 8 de junho de 1977 em Atlanta, Geórgia.",respostas_gpt5.5_mini,Kanye Omari West,nasceu em,8 de junho de 1977,3
"O budismo mahayana, a o contrário, aspira a o estado de Buda através de o caminho de o bodhisattva, um estado em que alguém permanece neste ciclo para ajudar outros seres a alcançar o despertar.",Claude_Sonnet5,O budismo mahayana,aspira a,o estado de Buda,3
"O budismo mahayana, a o contrário, aspira a o estado de Buda através de o caminho de o bodhisattva, um estado em que alguém permanece neste ciclo para ajudar outros seres a alcançar o despertar.",Grok4.0Fast,O budismo mahayana,aspira a,o estado de Buda,3
"O budismo mahayana, a o contrário, aspira a o estado de Buda através de o caminho de o bodhisattva, um estado em que alguém permanece neste ciclo para ajudar outros seres a alcançar o despertar.",respostas_gpt5.5_mini,O budismo mahayana,aspira a,o estado de Buda,3
A segunda verdade é que a origem de dukkha pode ser conhecida.,Claude_Sonnet5,A segunda verdade,é,que a origem de dukkha pode ser conhecida,3
A segunda verdade é que a origem de dukkha pode ser conhecida.,Grok4.0Fast,A segunda verdade,é,que a origem de dukkha pode ser conhecida,3
A segunda verdade é que a origem de dukkha pode ser conhecida.,respostas_gpt5.5_mini,A segunda verdade,é,que a origem de dukkha pode ser conhecida,3
"Em meio a a pressão de ambas as direções, o primeiro-ministro Gordon Brown recebeu a tocha de o lado de fora de a 10 Downing Street sem segurá-la ou tocá-la.",Claude_Sonnet5,o primeiro-ministro Gordon Brown,recebeu,a tocha,3
"Em meio a a pressão de ambas as direções, o primeiro-ministro Gordon Brown recebeu a tocha de o lado de fora de a 10 Downing Street sem segurá-la ou tocá-la.",Grok4.0Fast,o primeiro-ministro Gordon Brown,recebeu,a tocha,3
"Em meio a a pressão de ambas as direções, o primeiro-ministro Gordon Brown recebeu a tocha de o lado de fora de a 10 Downing Street sem segurá-la ou tocá-la.",respostas_gpt5.5_mini,o primeiro-ministro Gordon Brown,recebeu,a tocha,3
"Em 1º de abril de 2008, o Conselho de Supervisores de São Francisco aprovou uma resolução que tratava de as questões de direitos humanos quando a tocha olímpica de Pequim chegasse a São Francisco em 9 de abril.",Claude_Sonnet5,o Conselho de Supervisores de São Francisco,aprovou,uma resolução,3
"Em 1º de abril de 2008, o Conselho de Supervisores de São Francisco aprovou uma resolução que tratava de as questões de direitos humanos quando a tocha olímpica de Pequim chegasse a São Francisco em 9 de abril.",Grok4.0Fast,o Conselho de Supervisores de São Francisco,aprovou,uma resolução,3
"Em 1º de abril de 2008, o Conselho de Supervisores de São Francisco aprovou uma resolução que tratava de as questões de direitos humanos quando a tocha olímpica de Pequim chegasse a São Francisco em 9 de abril.",respostas_gpt5.5_mini,o Conselho de Supervisores de São Francisco,aprovou,uma resolução,3
"os títulos lastreados em hipotecas comerciais, os lastreados em ativos e os CDOs atingiram o pico em 2006 em quase US $ 2 trilhões... Em 2009, a emissão privada foi de menos de US $ 150 bilhões, e quase toda a emissão em lastro foi suportada por o Programa TALF de o Federal Reserve para ajudar os financiadores de cartões de crédito, automóveis e pequenas empresas.",Claude_Sonnet5,os títulos lastreados em hipotecas comerciais,atingiram o pico em,2006,3
"os títulos lastreados em hipotecas comerciais, os lastreados em ativos e os CDOs atingiram o pico em 2006 em quase US $ 2 trilhões... Em 2009, a emissão privada foi de menos de US $ 150 bilhões, e quase toda a emissão em lastro foi suportada por o Programa TALF de o Federal Reserve para ajudar os financiadores de cartões de crédito, automóveis e pequenas empresas.",Grok4.0Fast,"os títulos lastreados em hipotecas comerciais, os lastreados em ativos e os CDOs",atingiram o pico em,2006,3
"os títulos lastreados em hipotecas comerciais, os lastreados em ativos e os CDOs atingiram o pico em 2006 em quase US $ 2 trilhões... Em 2009, a emissão privada foi de menos de US $ 150 bilhões, e quase toda a emissão em lastro foi suportada por o Programa TALF de o Federal Reserve para ajudar os financiadores de cartões de crédito, automóveis e pequenas empresas.",respostas_gpt5.5_mini,os títulos lastreados em hipotecas comerciais,atingiram o pico em,2006,3
"Em 1620, os Padres Peregrinos partiram de Plymouth para o Novo Mundo e estabeleceram a Colônia de Plymouth - o segundo assentamento inglês em o que é hoje os Estados Unidos de a América.",Claude_Sonnet5,os Padres Peregrinos,partiram de,Plymouth,3
"Em 1620, os Padres Peregrinos partiram de Plymouth para o Novo Mundo e estabeleceram a Colônia de Plymouth - o segundo assentamento inglês em o que é hoje os Estados Unidos de a América.",Grok4.0Fast,os Padres Peregrinos,partiram de,Plymouth,3
"Em 1620, os Padres Peregrinos partiram de Plymouth para o Novo Mundo e estabeleceram a Colônia de Plymouth - o segundo assentamento inglês em o que é hoje os Estados Unidos de a América.",respostas_gpt5.5_mini,os Padres Peregrinos,partiram de,Plymouth,3
"No entanto, a FlyPlymouth planeja reabrir o aeroporto de a cidade até 2018, que fornecerá serviços diários para vários destinos, incluindo Londres.",Claude_Sonnet5,a FlyPlymouth,planeja reabrir,o aeroporto de a cidade,3
"No entanto, a FlyPlymouth planeja reabrir o aeroporto de a cidade até 2018, que fornecerá serviços diários para vários destinos, incluindo Londres.",Grok4.0Fast,a FlyPlymouth,planeja reabrir,o aeroporto de a cidade,3
"No entanto, a FlyPlymouth planeja reabrir o aeroporto de a cidade até 2018, que fornecerá serviços diários para vários destinos, incluindo Londres.",respostas_gpt5.5_mini,a FlyPlymouth,planeja reabrir,o aeroporto da cidade,3
"O executivo de a RCA Victor Records, Ted Wallerstein, convenceu o chefe de a CBS William S. Paley a comprar a ARC e Paley fez de Wallerstein o chefe de a recém-adquirida gravadora.",Claude_Sonnet5,Ted Wallerstein,convenceu,o chefe de a CBS William S. Paley,3
"O executivo de a RCA Victor Records, Ted Wallerstein, convenceu o chefe de a CBS William S. Paley a comprar a ARC e Paley fez de Wallerstein o chefe de a recém-adquirida gravadora.",Grok4.0Fast,Ted Wallerstein,convenceu,o chefe de a CBS William S. Paley,3
"O executivo de a RCA Victor Records, Ted Wallerstein, convenceu o chefe de a CBS William S. Paley a comprar a ARC e Paley fez de Wallerstein o chefe de a recém-adquirida gravadora.",respostas_gpt5.5_mini,Ted Wallerstein,convenceu,o chefe de a CBS William S. Paley,3
"Oklahoma City é o lar de o maior distrito escolar de o estado, as Escolas Públicas de Oklahoma City.",Claude_Sonnet5,Oklahoma City,é o lar de,o maior distrito escolar de o estado,3
"Oklahoma City é o lar de o maior distrito escolar de o estado, as Escolas Públicas de Oklahoma City.",Grok4.0Fast,Oklahoma City,é o lar de,o maior distrito escolar de o estado,3
"Oklahoma City é o lar de o maior distrito escolar de o estado, as Escolas Públicas de Oklahoma City.",respostas_gpt5.5_mini,Oklahoma City,é o lar de,o maior distrito escolar de o estado,3
"Oklahoma City é o lar de várias equipes de esportes profissionais, incluindo o Oklahoma City Trovão de a National Basketball Association.",Claude_Sonnet5,Oklahoma City,é o lar de,várias equipes de esportes profissionais,3
"Oklahoma City é o lar de várias equipes de esportes profissionais, incluindo o Oklahoma City Trovão de a National Basketball Association.",Grok4.0Fast,Oklahoma City,é o lar de,várias equipes de esportes profissionais,3
"Oklahoma City é o lar de várias equipes de esportes profissionais, incluindo o Oklahoma City Trovão de a National Basketball Association.",respostas_gpt5.5_mini,Oklahoma City,é o lar de,várias equipes de esportes profissionais,3
"O UNFPA trabalha em parceria com os governos, juntamente com outras agências de as Nações Unidas, comunidades, ONGs, fundações e setor privado, para aumentar a conscientização e mobilizar o apoio e os recursos necessários para cumprir sua missão de promover os direitos e a saúde de as mulheres e jovens.",Claude_Sonnet5,O UNFPA,trabalha em parceria com,os governos,3
"O UNFPA trabalha em parceria com os governos, juntamente com outras agências de as Nações Unidas, comunidades, ONGs, fundações e setor privado, para aumentar a conscientização e mobilizar o apoio e os recursos necessários para cumprir sua missão de promover os direitos e a saúde de as mulheres e jovens.",Grok4.0Fast,O UNFPA,trabalha em parceria com,os governos,3
"O UNFPA trabalha em parceria com os governos, juntamente com outras agências de as Nações Unidas, comunidades, ONGs, fundações e setor privado, para aumentar a conscientização e mobilizar o apoio e os recursos necessários para cumprir sua missão de promover os direitos e a saúde de as mulheres e jovens.",respostas_gpt5.5_mini,O UNFPA,trabalha em parceria com,os governos,3
"A Universal possuía os direitos de o personagem Oswald, o Coelho de a Sorte, embora Walt Disney e Ub Iwerks tivessem criado Oswald, e seus filmes tivessem desfrutado de uma exibição teatral de sucesso.",Claude_Sonnet5,A Universal,possuía,os direitos de o personagem Oswald,3
"A Universal possuía os direitos de o personagem Oswald, o Coelho de a Sorte, embora Walt Disney e Ub Iwerks tivessem criado Oswald, e seus filmes tivessem desfrutado de uma exibição teatral de sucesso.",Grok4.0Fast,A Universal,possuía,"os direitos de o personagem Oswald, o Coelho de a Sorte",3
"A Universal possuía os direitos de o personagem Oswald, o Coelho de a Sorte, embora Walt Disney e Ub Iwerks tivessem criado Oswald, e seus filmes tivessem desfrutado de uma exibição teatral de sucesso.",respostas_gpt5.5_mini,A Universal,possuía,os direitos de o personagem Oswald,3
"Na esperança de construir um império de entretenimento em torno de a Universal, a Seagram comprou a PolyGram em 1999 e outras propriedades de entretenimento, mas os lucros flutuantes característicos de Hollywood não substituíram o fluxo de renda confiável obtido com as ações anteriormente detidas em a DuPont.",Claude_Sonnet5,a Seagram,comprou,a PolyGram,3
"Na esperança de construir um império de entretenimento em torno de a Universal, a Seagram comprou a PolyGram em 1999 e outras propriedades de entretenimento, mas os lucros flutuantes característicos de Hollywood não substituíram o fluxo de renda confiável obtido com as ações anteriormente detidas em a DuPont.",Grok4.0Fast,a Seagram,comprou,a PolyGram,3
"Na esperança de construir um império de entretenimento em torno de a Universal, a Seagram comprou a PolyGram em 1999 e outras propriedades de entretenimento, mas os lucros flutuantes característicos de Hollywood não substituíram o fluxo de renda confiável obtido com as ações anteriormente detidas em a DuPont.",respostas_gpt5.5_mini,a Seagram,comprou,a PolyGram,3
"Alexander Bell nasceu em Edimburgo, Escócia, em 3 de março de 1847.",Claude_Sonnet5,Alexander Bell,nasceu em,"Edimburgo, Escócia",3
"Alexander Bell nasceu em Edimburgo, Escócia, em 3 de março de 1847.",Grok4.0Fast,Alexander Bell,nasceu em,"Edimburgo, Escócia",3
"Alexander Bell nasceu em Edimburgo, Escócia, em 3 de março de 1847.",respostas_gpt5.5_mini,Alexander Bell,nasceu em,"Edimburgo, Escócia",3
"Em 11 de abril de 1898, o americano Joshua Slocum, em seu famoso e épico solo, a viagem mundial chegou a Jamestown.",Claude_Sonnet5,o americano Joshua Slocum,chegou a,Jamestown,3
"Em 11 de abril de 1898, o americano Joshua Slocum, em seu famoso e épico solo, a viagem mundial chegou a Jamestown.",Grok4.0Fast,o americano Joshua Slocum,chegou a,Jamestown,3
"Em 11 de abril de 1898, o americano Joshua Slocum, em seu famoso e épico solo, a viagem mundial chegou a Jamestown.",respostas_gpt5.5_mini,o americano Joshua Slocum,chegou a,Jamestown,3
A Rádio comunitária Saint FM assumiu os canais de rádio desocupados por a Saint FM e foi lançada em 10 de março de 2013.,Claude_Sonnet5,A Rádio comunitária Saint FM,foi lançada em,10 de março de 2013,3
A Rádio comunitária Saint FM assumiu os canais de rádio desocupados por a Saint FM e foi lançada em 10 de março de 2013.,Grok4.0Fast,A Rádio comunitária Saint FM,foi lançada em,10 de março de 2013,3
A Rádio comunitária Saint FM assumiu os canais de rádio desocupados por a Saint FM e foi lançada em 10 de março de 2013.,respostas_gpt5.5_mini,A Rádio comunitária Saint FM,foi lançada em,10 de março de 2013,3
"O Ateneu de Boston (uma de as bibliotecas independentes mais antigas de os Estados Unidos), o Museu Infantil de Boston, o Bull & Finch Pub (cujo prédio é conhecido por o programa de televisão Cheers), o Museum of Science e o New England Aquarium estão dentro de a cidade.",Claude_Sonnet5,O Ateneu de Boston,está dentro de,a cidade,3
"O Ateneu de Boston (uma de as bibliotecas independentes mais antigas de os Estados Unidos), o Museu Infantil de Boston, o Bull & Finch Pub (cujo prédio é conhecido por o programa de televisão Cheers), o Museum of Science e o New England Aquarium estão dentro de a cidade.",Grok4.0Fast,O Ateneu de Boston,está dentro de,a cidade,3
"O Ateneu de Boston (uma de as bibliotecas independentes mais antigas de os Estados Unidos), o Museu Infantil de Boston, o Bull & Finch Pub (cujo prédio é conhecido por o programa de televisão Cheers), o Museum of Science e o New England Aquarium estão dentro de a cidade.",respostas_gpt5.5_mini,O Ateneu de Boston,está dentro de,a cidade,3
"Um de os eventos esportivos mais conhecidos de a cidade é uma maratona de Boston, a corrida de 42,2 km que é a maratona anual mais antiga de o mundo, realizada em o dia de os patriotas em abril.",Claude_Sonnet5,a maratona de Boston,é,"a corrida de 42,2 km",3
"Um de os eventos esportivos mais conhecidos de a cidade é uma maratona de Boston, a corrida de 42,2 km que é a maratona anual mais antiga de o mundo, realizada em o dia de os patriotas em abril.",Grok4.0Fast,uma maratona de Boston,é,"a corrida de 42,2 km",3
"Um de os eventos esportivos mais conhecidos de a cidade é uma maratona de Boston, a corrida de 42,2 km que é a maratona anual mais antiga de o mundo, realizada em o dia de os patriotas em abril.",respostas_gpt5.5_mini,uma maratona de Boston,é,"a corrida de 42,2 km",3
"Em Alghero, o IEC adaptou seu padrão a o dialeto Alguerese.",Claude_Sonnet5,o IEC,adaptou,seu padrão,3
"Em Alghero, o IEC adaptou seu padrão a o dialeto Alguerese.",Grok4.0Fast,o IEC,adaptou,seu padrão,3
"Em Alghero, o IEC adaptou seu padrão a o dialeto Alguerese.",respostas_gpt5.5_mini,o IEC,adaptou,seu padrão,3
"Henrique III reconstruiu a abadia em homenagem a um santo real, Eduardo, o Confessor, cujas relíquias foram colocadas em um santuário em o santuário.",Claude_Sonnet5,Henrique III,reconstruiu,a abadia,3
"Henrique III reconstruiu a abadia em homenagem a um santo real, Eduardo, o Confessor, cujas relíquias foram colocadas em um santuário em o santuário.",Grok4.0Fast,Henrique III,reconstruiu,a abadia,3
"Henrique III reconstruiu a abadia em homenagem a um santo real, Eduardo, o Confessor, cujas relíquias foram colocadas em um santuário em o santuário.",respostas_gpt5.5_mini,Henrique III,reconstruiu,a abadia,3
"E as pessoas são até chamadas de Nanjing rabanete grande, o que significa que não são sofisticadas, apaixonadas e conservadoras.",Claude_Sonnet5,as pessoas,são até chamadas de,Nanjing rabanete grande,3
"E as pessoas são até chamadas de Nanjing rabanete grande, o que significa que não são sofisticadas, apaixonadas e conservadoras.",Grok4.0Fast,as pessoas,são até chamadas de,Nanjing rabanete grande,3
"E as pessoas são até chamadas de Nanjing rabanete grande, o que significa que não são sofisticadas, apaixonadas e conservadoras.",respostas_gpt5.5_mini,as pessoas,são chamadas de,Nanjing rabanete grande,3
"Berna também é a capital de o Cantão de Berna, o segundo mais populoso de os cantões de a Suíça.",Claude_Sonnet5,o Cantão de Berna,é,o segundo mais populoso de os cantões de a Suíça,3
"Berna também é a capital de o Cantão de Berna, o segundo mais populoso de os cantões de a Suíça.",Grok4.0Fast,o Cantão de Berna,é,o segundo mais populoso dos cantões da Suíça,3
"Berna também é a capital de o Cantão de Berna, o segundo mais populoso de os cantões de a Suíça.",respostas_gpt5.5_mini,o Cantão de Berna,é,o segundo mais populoso dos cantões da Suíça,3
"O primeiro colono permanente foi Jonathan Lambert, de Salem, Massachusetts, Estados Unidos, que chegou às ilhas em Dezembro de 1810 com dois outros homens.",Claude_Sonnet5,Jonathan Lambert,é de,"Salem, Massachusetts, Estados Unidos",3
"O primeiro colono permanente foi Jonathan Lambert, de Salem, Massachusetts, Estados Unidos, que chegou às ilhas em Dezembro de 1810 com dois outros homens.",Grok4.0Fast,Jonathan Lambert,é de,"Salem, Massachusetts, Estados Unidos",3
"O primeiro colono permanente foi Jonathan Lambert, de Salem, Massachusetts, Estados Unidos, que chegou às ilhas em Dezembro de 1810 com dois outros homens.",respostas_gpt5.5_mini,Jonathan Lambert,é de,"Salem, Massachusetts, Estados Unidos",3
"Durante a Segunda Guerra Mundial, o Kansas foi uma de as 131 faculdades e universidades nacionais que participaram de o Programa de Treinamento V-12 Navy College, que ofereceu a os alunos o caminho para uma comissão de a Marinha.",Claude_Sonnet5,o Kansas,participou de,o Programa de Treinamento V-12 Navy College,3
"Durante a Segunda Guerra Mundial, o Kansas foi uma de as 131 faculdades e universidades nacionais que participaram de o Programa de Treinamento V-12 Navy College, que ofereceu a os alunos o caminho para uma comissão de a Marinha.",Grok4.0Fast,o Kansas,participou de,o Programa de Treinamento V-12 Navy College,3
"Durante a Segunda Guerra Mundial, o Kansas foi uma de as 131 faculdades e universidades nacionais que participaram de o Programa de Treinamento V-12 Navy College, que ofereceu a os alunos o caminho para uma comissão de a Marinha.",respostas_gpt5.5_mini,o Kansas,participou de,o Programa de Treinamento V-12 Navy College,3
"A Escola de Negócios de a Universidade de o Kansas é uma escola pública de negócios localizada em o campus principal de a Universidade de o Kansas em Lawrence, Kansas.",Claude_Sonnet5,A Escola de Negócios de a Universidade de o Kansas,está localizada em,o campus principal de a Universidade de o Kansas,3
"A Escola de Negócios de a Universidade de o Kansas é uma escola pública de negócios localizada em o campus principal de a Universidade de o Kansas em Lawrence, Kansas.",Grok4.0Fast,A Escola de Negócios da Universidade do Kansas,está localizada em,"o campus principal da Universidade do Kansas em Lawrence, Kansas",3
"A Escola de Negócios de a Universidade de o Kansas é uma escola pública de negócios localizada em o campus principal de a Universidade de o Kansas em Lawrence, Kansas.",respostas_gpt5.5_mini,A Escola de Negócios da Universidade do Kansas,é localizada em,"o campus principal da Universidade do Kansas em Lawrence, Kansas",3
A KU Endowment foi fundada em 1891 como a primeira fundação de a América para uma universidade pública,Claude_Sonnet5,A KU Endowment,foi fundada como,a primeira fundação de a América para uma universidade pública,3
A KU Endowment foi fundada em 1891 como a primeira fundação de a América para uma universidade pública,Grok4.0Fast,A KU Endowment,foi fundada como,a primeira fundação da América para uma universidade pública,3
A KU Endowment foi fundada em 1891 como a primeira fundação de a América para uma universidade pública,respostas_gpt5.5_mini,A KU Endowment,foi fundada como,a primeira fundação da América para uma universidade pública,3
Algumas formas de corrupção - agora chamadas de corrupção institucional - são diferenciadas de suborno e outros tipos de óbvios ganhos pessoais.,Claude_Sonnet5,Algumas formas de corrupção,são agora chamadas de,corrupção institucional,3
Algumas formas de corrupção - agora chamadas de corrupção institucional - são diferenciadas de suborno e outros tipos de óbvios ganhos pessoais.,Claude_Sonnet5,Algumas formas de corrupção,são diferenciadas de,outros tipos de óbvios ganhos pessoais,3
Algumas formas de corrupção - agora chamadas de corrupção institucional - são diferenciadas de suborno e outros tipos de óbvios ganhos pessoais.,Grok4.0Fast,Algumas formas de corrupção,são agora chamadas de,corrupção institucional,3
Algumas formas de corrupção - agora chamadas de corrupção institucional - são diferenciadas de suborno e outros tipos de óbvios ganhos pessoais.,Grok4.0Fast,Algumas formas de corrupção,são diferenciadas de,outros tipos de óbvios ganhos pessoais,3
Algumas formas de corrupção - agora chamadas de corrupção institucional - são diferenciadas de suborno e outros tipos de óbvios ganhos pessoais.,respostas_gpt5.5_mini,Algumas formas de corrupção,são agora chamadas de,corrupção institucional,3
Algumas formas de corrupção - agora chamadas de corrupção institucional - são diferenciadas de suborno e outros tipos de óbvios ganhos pessoais.,respostas_gpt5.5_mini,Algumas formas de corrupção,são diferenciadas de,outros tipos de óbvios ganhos pessoais,3
"O termo é aplicado com mais freqüência a padrões regionais de fala, mas um dialeto também pode ser definido por outros fatores, como classe social.",Claude_Sonnet5,O termo,é aplicado com mais freqüência a,padrões regionais de fala,3
"O termo é aplicado com mais freqüência a padrões regionais de fala, mas um dialeto também pode ser definido por outros fatores, como classe social.",Grok4.0Fast,O termo,é aplicado com mais frequência a,padrões regionais de fala,3
"O termo é aplicado com mais freqüência a padrões regionais de fala, mas um dialeto também pode ser definido por outros fatores, como classe social.",respostas_gpt5.5_mini,O termo,é aplicado com mais freqüência a,padrões regionais de fala,3
"Menander Protector menciona um Daurentius (577-579) que matou um enviado avar de Khagan Bayan I. Os ávaros pediram a os eslavos que aceitassem a soberania de os ávaros, mas ele recusou e é relatado como dizendo Outros não conquistam nossa terra, conquistamos os deles - assim será sempre para nós",Claude_Sonnet5,Menander Protector,menciona,um Daurentius,3
"Menander Protector menciona um Daurentius (577-579) que matou um enviado avar de Khagan Bayan I. Os ávaros pediram a os eslavos que aceitassem a soberania de os ávaros, mas ele recusou e é relatado como dizendo Outros não conquistam nossa terra, conquistamos os deles - assim será sempre para nós",Grok4.0Fast,Menander Protector,menciona,um Daurentius (577-579),3
"Menander Protector menciona um Daurentius (577-579) que matou um enviado avar de Khagan Bayan I. Os ávaros pediram a os eslavos que aceitassem a soberania de os ávaros, mas ele recusou e é relatado como dizendo Outros não conquistam nossa terra, conquistamos os deles - assim será sempre para nós",respostas_gpt5.5_mini,Menander Protector,menciona,um Daurentius (577-579),3
"O proto-eslavo, a suposta língua ancestral de todas as línguas eslavas, é um descendente de o proto-indo-europeu comum, através de um estágio balto-eslavo, em o qual desenvolveu numerosas isoglosses lexicais e morfofonológicas com as línguas bálticas.",Claude_Sonnet5,O proto-eslavo,é,a suposta língua ancestral de todas as línguas eslavas,3
"O proto-eslavo, a suposta língua ancestral de todas as línguas eslavas, é um descendente de o proto-indo-europeu comum, através de um estágio balto-eslavo, em o qual desenvolveu numerosas isoglosses lexicais e morfofonológicas com as línguas bálticas.",Grok4.0Fast,O proto-eslavo,é,a suposta língua ancestral de todas as línguas eslavas,3
"O proto-eslavo, a suposta língua ancestral de todas as línguas eslavas, é um descendente de o proto-indo-europeu comum, através de um estágio balto-eslavo, em o qual desenvolveu numerosas isoglosses lexicais e morfofonológicas com as línguas bálticas.",respostas_gpt5.5_mini,O proto-eslavo,é,a suposta língua ancestral de todas as línguas eslavas,3
Os gorais de o sul de a Polônia e de o norte de a Eslováquia são parcialmente descendentes de os vlachs de língua românica que migraram para a região de os Séculos 14 a 17 e foram absorvidos por a população local.,respostas_gpt5.5_mini,Os gorais de o sul de a Polônia e de o norte de a Eslováquia,são parcialmente descendentes de,os vlachs de língua românica,3
"Josip Broz nasceu em 7 de maio de 1892 em Kumrovec, em a região croata de Hrvatsko Zagorje, em a Áustria-Hungria.",Claude_Sonnet5,Josip Broz,nasceu em,Kumrovec,3
"Josip Broz nasceu em 7 de maio de 1892 em Kumrovec, em a região croata de Hrvatsko Zagorje, em a Áustria-Hungria.",Grok4.0Fast,Josip Broz,nasceu em,Kumrovec,3
"Josip Broz nasceu em 7 de maio de 1892 em Kumrovec, em a região croata de Hrvatsko Zagorje, em a Áustria-Hungria.",respostas_gpt5.5_mini,Josip Broz,nasceu em,Kumrovec,3
"Em 1936, quando Tito ficou em o Hotel Lux, em Moscou, conheceu a camarada austríaca Lucia Bauer.",Claude_Sonnet5,Tito,conheceu,a camarada austríaca Lucia Bauer,3
"Em 1936, quando Tito ficou em o Hotel Lux, em Moscou, conheceu a camarada austríaca Lucia Bauer.",Grok4.0Fast,Tito,conheceu,a camarada austríaca Lucia Bauer,3
"Em 1936, quando Tito ficou em o Hotel Lux, em Moscou, conheceu a camarada austríaca Lucia Bauer.",respostas_gpt5.5_mini,Tito,conheceu,a camarada austríaca Lucia Bauer,3
"Tito tinha apenas 59 anos, quando ela tinha 27 anos, quando finalmente se casaram em abril de 1952, com o chefe de segurança de o estado Aleksandar Ranković como padrinho.",Claude_Sonnet5,Tito,se casou em,abril de 1952,3
"Tito tinha apenas 59 anos, quando ela tinha 27 anos, quando finalmente se casaram em abril de 1952, com o chefe de segurança de o estado Aleksandar Ranković como padrinho.",Grok4.0Fast,Tito,se casou em,abril de 1952,3
"Tito tinha apenas 59 anos, quando ela tinha 27 anos, quando finalmente se casaram em abril de 1952, com o chefe de segurança de o estado Aleksandar Ranković como padrinho.",respostas_gpt5.5_mini,Tito,se casou em,abril de 1952,3
"Mais de dois terços de a população vive em a capital, Majuro e Ebeye, o centro urbano secundário, localizado em o Atol de Kwajalein.",Claude_Sonnet5,Mais de dois terços de a população,vive em,Ebeye,3
"Mais de dois terços de a população vive em a capital, Majuro e Ebeye, o centro urbano secundário, localizado em o Atol de Kwajalein.",Claude_Sonnet5,Ebeye,é,o centro urbano secundário,3
"Mais de dois terços de a população vive em a capital, Majuro e Ebeye, o centro urbano secundário, localizado em o Atol de Kwajalein.",Grok4.0Fast,Mais de dois terços da população,vive em,Ebeye,3
"Mais de dois terços de a população vive em a capital, Majuro e Ebeye, o centro urbano secundário, localizado em o Atol de Kwajalein.",Grok4.0Fast,Ebeye,é,o centro urbano secundário,3
"Mais de dois terços de a população vive em a capital, Majuro e Ebeye, o centro urbano secundário, localizado em o Atol de Kwajalein.",respostas_gpt5.5_mini,Mais de dois terços da população,vive em,Ebeye,3
"Mais de dois terços de a população vive em a capital, Majuro e Ebeye, o centro urbano secundário, localizado em o Atol de Kwajalein.",respostas_gpt5.5_mini,Ebeye,é,o centro urbano secundário,3
"As plantas alpinas são agrupadas por habitat e tipo de solo, que pode ser calcário ou não calcário.",Claude_Sonnet5,As plantas alpinas,são agrupadas por,habitat,3
"As plantas alpinas são agrupadas por habitat e tipo de solo, que pode ser calcário ou não calcário.",Grok4.0Fast,As plantas alpinas,são agrupadas por,habitat,3
"As plantas alpinas são agrupadas por habitat e tipo de solo, que pode ser calcário ou não calcário.",respostas_gpt5.5_mini,As plantas alpinas,são agrupadas por,habitat,3
"Durante essas visitas, Shelley escreveu o poema Mont Blanc, Byron escreveu O Prisioneiro de Chillon e o dramático poema Manfred, e Mary Shelley, que achou a paisagem avassaladora, concebeu a idéia de o romance Frankenstein em sua vila às margens de o rio.",Claude_Sonnet5,Byron,escreveu,O Prisioneiro de Chillon,3
"Durante essas visitas, Shelley escreveu o poema Mont Blanc, Byron escreveu O Prisioneiro de Chillon e o dramático poema Manfred, e Mary Shelley, que achou a paisagem avassaladora, concebeu a idéia de o romance Frankenstein em sua vila às margens de o rio.",Claude_Sonnet5,Byron,escreveu,o dramático poema Manfred,3
"Durante essas visitas, Shelley escreveu o poema Mont Blanc, Byron escreveu O Prisioneiro de Chillon e o dramático poema Manfred, e Mary Shelley, que achou a paisagem avassaladora, concebeu a idéia de o romance Frankenstein em sua vila às margens de o rio.",Claude_Sonnet5,Mary Shelley,concebeu,a idéia de o romance Frankenstein,3
"Durante essas visitas, Shelley escreveu o poema Mont Blanc, Byron escreveu O Prisioneiro de Chillon e o dramático poema Manfred, e Mary Shelley, que achou a paisagem avassaladora, concebeu a idéia de o romance Frankenstein em sua vila às margens de o rio.",Grok4.0Fast,Byron,escreveu,O Prisioneiro de Chillon,3
"Durante essas visitas, Shelley escreveu o poema Mont Blanc, Byron escreveu O Prisioneiro de Chillon e o dramático poema Manfred, e Mary Shelley, que achou a paisagem avassaladora, concebeu a idéia de o romance Frankenstein em sua vila às margens de o rio.",Grok4.0Fast,Byron,escreveu,o dramático poema Manfred,3
"Durante essas visitas, Shelley escreveu o poema Mont Blanc, Byron escreveu O Prisioneiro de Chillon e o dramático poema Manfred, e Mary Shelley, que achou a paisagem avassaladora, concebeu a idéia de o romance Frankenstein em sua vila às margens de o rio.",Grok4.0Fast,Mary Shelley,concebeu,a idéia do romance Frankenstein,3
"Durante essas visitas, Shelley escreveu o poema Mont Blanc, Byron escreveu O Prisioneiro de Chillon e o dramático poema Manfred, e Mary Shelley, que achou a paisagem avassaladora, concebeu a idéia de o romance Frankenstein em sua vila às margens de o rio.",respostas_gpt5.5_mini,Byron,escreveu,O Prisioneiro de Chillon,3
"Durante essas visitas, Shelley escreveu o poema Mont Blanc, Byron escreveu O Prisioneiro de Chillon e o dramático poema Manfred, e Mary Shelley, que achou a paisagem avassaladora, concebeu a idéia de o romance Frankenstein em sua vila às margens de o rio.",respostas_gpt5.5_mini,Byron,escreveu,o dramático poema Manfred,3
"Durante essas visitas, Shelley escreveu o poema Mont Blanc, Byron escreveu O Prisioneiro de Chillon e o dramático poema Manfred, e Mary Shelley, que achou a paisagem avassaladora, concebeu a idéia de o romance Frankenstein em sua vila às margens de o rio.",respostas_gpt5.5_mini,Mary Shelley,concebeu,a idéia de o romance Frankenstein,3
"A cozinha é separada de a área de estar (chamada stube, a área de a casa aquecida por um fogão) e os quartos de o segundo andar se beneficiam de o aumento de o calor.",Claude_Sonnet5,a área de estar,é chamada,stube,3
"A cozinha é separada de a área de estar (chamada stube, a área de a casa aquecida por um fogão) e os quartos de o segundo andar se beneficiam de o aumento de o calor.",Claude_Sonnet5,os quartos de o segundo andar,se beneficiam de,o aumento de o calor,3
"A cozinha é separada de a área de estar (chamada stube, a área de a casa aquecida por um fogão) e os quartos de o segundo andar se beneficiam de o aumento de o calor.",Grok4.0Fast,a área de estar,é chamada,stube,3
"A cozinha é separada de a área de estar (chamada stube, a área de a casa aquecida por um fogão) e os quartos de o segundo andar se beneficiam de o aumento de o calor.",Grok4.0Fast,os quartos do segundo andar,se beneficiam de,o aumento do calor,3
"A cozinha é separada de a área de estar (chamada stube, a área de a casa aquecida por um fogão) e os quartos de o segundo andar se beneficiam de o aumento de o calor.",respostas_gpt5.5_mini,a área de estar,é chamada,stube,3
"A cozinha é separada de a área de estar (chamada stube, a área de a casa aquecida por um fogão) e os quartos de o segundo andar se beneficiam de o aumento de o calor.",respostas_gpt5.5_mini,os quartos de o segundo andar,se beneficiam de,o aumento de o calor,3
