modelo,batch,precisao_lexical,recall_lexical,f1_lexical,precisao_exact,recall_exact,f1_exact
Claude_Sonnet5,1,0.13709677419354838,0.3269230769230769,0.19318181818181818,0.10483870967741936,0.25,0.14772727272727273
Claude_Sonnet5,2,0.1415929203539823,0.37209302325581395,0.20512820512820512,0.035398230088495575,0.09302325581395349,0.05128205128205128
Claude_Sonnet5,3,0.2,0.45,0.27692307692307694,0.12222222222222222,0.275,0.1692307692307692
Claude_Sonnet5,4,0.2222222222222222,0.34782608695652173,0.2711864406779661,0.1388888888888889,0.21739130434782608,0.1694915254237288
Claude_Sonnet5,5,0.22916666666666666,0.3728813559322034,0.2838709677419355,0.125,0.2033898305084746,0.15483870967741936
Claude_Sonnet5,6,0.2247191011235955,0.5128205128205128,0.31249999999999994,0.06741573033707865,0.15384615384615385,0.09374999999999999
Claude_Sonnet5,7,0.21505376344086022,0.5128205128205128,0.303030303030303,0.08602150537634409,0.20512820512820512,0.12121212121212123
Claude_Sonnet5,8,0.18681318681318682,0.425,0.2595419847328244,0.06593406593406594,0.15,0.09160305343511449
Claude_Sonnet5,9,0.21839080459770116,0.475,0.2992125984251969,0.10344827586206896,0.225,0.14173228346456693
Claude_Sonnet5,10,0.20967741935483872,0.4482758620689655,0.2857142857142857,0.08064516129032258,0.1724137931034483,0.1098901098901099
PortugueseT5OIE_Abstractive,1,0.13636363636363635,0.28846153846153844,0.18518518518518517,0.10909090909090909,0.23076923076923078,0.14814814814814817
PortugueseT5OIE_Abstractive,2,0.15151515151515152,0.3488372093023256,0.2112676056338028,0.10101010101010101,0.23255813953488372,0.1408450704225352
PortugueseT5OIE_Abstractive,3,0.1958762886597938,0.475,0.2773722627737226,0.17525773195876287,0.425,0.24817518248175183
PortugueseT5OIE_Abstractive,4,0.25316455696202533,0.43478260869565216,0.32000000000000006,0.21518987341772153,0.3695652173913043,0.27199999999999996
PortugueseT5OIE_Abstractive,5,0.2079207920792079,0.3559322033898305,0.2625,0.18811881188118812,0.3220338983050847,0.2375
PortugueseT5OIE_Abstractive,6,0.1782178217821782,0.46153846153846156,0.2571428571428571,0.12871287128712872,0.3333333333333333,0.18571428571428572
PortugueseT5OIE_Abstractive,7,0.16981132075471697,0.46153846153846156,0.2482758620689655,0.11320754716981132,0.3076923076923077,0.16551724137931037
PortugueseT5OIE_Abstractive,8,0.2289156626506024,0.475,0.30894308943089427,0.1686746987951807,0.35,0.22764227642276422
PortugueseT5OIE_Abstractive,9,0.19230769230769232,0.5,0.2777777777777778,0.125,0.325,0.18055555555555555
PortugueseT5OIE_Abstractive,10,0.22388059701492538,0.5172413793103449,0.31250000000000006,0.19402985074626866,0.4482758620689655,0.27083333333333337
respostaGrok4.0Fast,1,0.2682926829268293,0.4230769230769231,0.3283582089552239,0.13414634146341464,0.21153846153846154,0.16417910447761194
respostaGrok4.0Fast,2,0.3076923076923077,0.37209302325581395,0.3368421052631579,0.21153846153846154,0.2558139534883721,0.23157894736842105
respostaGrok4.0Fast,3,0.4827586206896552,0.35,0.4057971014492754,0.4482758620689655,0.325,0.3768115942028986
respostaGrok4.0Fast,4,0.6538461538461539,0.3695652173913043,0.4722222222222222,0.5,0.2826086956521739,0.3611111111111111
respostaGrok4.0Fast,5,0.5,0.2033898305084746,0.2891566265060241,0.375,0.15254237288135594,0.21686746987951805
respostaGrok4.0Fast,6,0.6206896551724138,0.46153846153846156,0.5294117647058824,0.4482758620689655,0.3333333333333333,0.38235294117647056
respostaGrok4.0Fast,7,0.6923076923076923,0.46153846153846156,0.553846153846154,0.5769230769230769,0.38461538461538464,0.46153846153846156
respostaGrok4.0Fast,8,0.5217391304347826,0.3,0.38095238095238093,0.5217391304347826,0.3,0.38095238095238093
respostaGrok4.0Fast,9,0.782608695652174,0.45,0.5714285714285714,0.6521739130434783,0.375,0.4761904761904762
respostaGrok4.0Fast,10,0.7368421052631579,0.4827586206896552,0.5833333333333334,0.6842105263157895,0.4482758620689655,0.5416666666666666
respostasGemini3.1Pro,1,0.19791666666666666,0.36538461538461536,0.25675675675675674,0.16666666666666666,0.3076923076923077,0.21621621621621623
respostasGemini3.1Pro,2,0.18681318681318682,0.3953488372093023,0.25373134328358204,0.13186813186813187,0.27906976744186046,0.1791044776119403
respostasGemini3.1Pro,3,0.19101123595505617,0.425,0.2635658914728682,0.14606741573033707,0.325,0.20155038759689925
respostasGemini3.1Pro,4,0.2835820895522388,0.41304347826086957,0.336283185840708,0.23880597014925373,0.34782608695652173,0.2831858407079646
respostasGemini3.1Pro,5,0.21311475409836064,0.4406779661016949,0.287292817679558,0.1885245901639344,0.3898305084745763,0.2541436464088398
respostasGemini3.1Pro,6,0.22,0.5641025641025641,0.3165467625899281,0.18,0.46153846153846156,0.2589928057553956
respostasGemini3.1Pro,7,0.25555555555555554,0.5897435897435898,0.3565891472868217,0.2,0.46153846153846156,0.27906976744186046
respostasGemini3.1Pro,8,0.20930232558139536,0.45,0.28571428571428575,0.1744186046511628,0.375,0.23809523809523814
respostasGemini3.1Pro,9,0.2558139534883721,0.55,0.34920634920634924,0.19767441860465115,0.425,0.2698412698412698
respostasGemini3.1Pro,10,0.23529411764705882,0.5517241379310345,0.32989690721649484,0.14705882352941177,0.3448275862068966,0.20618556701030927
respostas_gpt5.5_mini,1,0.2597402597402597,0.38461538461538464,0.3100775193798449,0.18181818181818182,0.2692307692307692,0.21705426356589147
respostas_gpt5.5_mini,2,0.19318181818181818,0.3953488372093023,0.2595419847328244,0.1590909090909091,0.32558139534883723,0.2137404580152672
respostas_gpt5.5_mini,3,0.21153846153846154,0.275,0.23913043478260868,0.1346153846153846,0.175,0.15217391304347824
respostas_gpt5.5_mini,4,0.32142857142857145,0.391304347826087,0.35294117647058826,0.26785714285714285,0.32608695652173914,0.29411764705882354
respostas_gpt5.5_mini,5,0.25806451612903225,0.4067796610169492,0.31578947368421056,0.11827956989247312,0.1864406779661017,0.14473684210526316
respostas_gpt5.5_mini,6,0.23255813953488372,0.5128205128205128,0.32,0.1511627906976744,0.3333333333333333,0.208
respostas_gpt5.5_mini,7,0.22727272727272727,0.5128205128205128,0.3149606299212598,0.17045454545454544,0.38461538461538464,0.23622047244094488
respostas_gpt5.5_mini,8,0.20238095238095238,0.425,0.27419354838709675,0.19047619047619047,0.4,0.25806451612903225
respostas_gpt5.5_mini,9,0.23255813953488372,0.5,0.31746031746031744,0.1744186046511628,0.375,0.23809523809523814
respostas_gpt5.5_mini,10,0.23880597014925373,0.5517241379310345,0.33333333333333326,0.14925373134328357,0.3448275862068966,0.20833333333333331
